{
	"format_version": "1.10.0",
	"minecraft:attachable": {
		"description": {
			"identifier": "ad:(nombre)",
			"materials": {
				"default": "entity_alphatest",
				"enchanted": "entity_alphatest_glint"
			},
			"textures": {
				"default": "textures/entity/(nombre)"
			},
			"geometry": {
				"default": "geometry.(nombre)"
			},
			"animations": {
				"walk": "animation.caminar.new",
				"head": "animation.quieto.new",
				"sneaking": "animation.cantar.new",
				"hat": "animation.quieto.new"
			},
			"scripts": {
				"animate": [
					"head",
					{
						"walk": "query.modified_move_speed"
					},
					{
						"sneaking": "query.is_sneaking"
					},
					{
						"hat": "!query.is_sneaking"
					}
				]
			},
			"render_controllers": [
				"controller.render.default"
			]
		}
	}
}